route_link,route
https://www.redbus.in/bus-tickets/bareilly-to-delhi,Bareilly to Delhi
https://www.redbus.in/bus-tickets/aligarh-uttar-pradesh-to-delhi,Aligarh (uttar pradesh) to Delhi
https://www.redbus.in/bus-tickets/delhi-to-bareilly,Delhi to Bareilly
https://www.redbus.in/bus-tickets/delhi-to-aligarh-uttar-pradesh,Delhi to Aligarh (uttar pradesh)
https://www.redbus.in/bus-tickets/farrukhabad-up-to-delhi,Farrukhabad (Uttar Pradesh) to Delhi
https://www.redbus.in/bus-tickets/badaun-to-delhi,Badaun to Delhi
https://www.redbus.in/bus-tickets/lucknow-to-allahabad,Lucknow to Allahabad
https://www.redbus.in/bus-tickets/lucknow-to-varanasi,Lucknow to Varanasi
https://www.redbus.in/bus-tickets/delhi-to-badaun,Delhi to Badaun
https://www.redbus.in/bus-tickets/agra-to-bareilly,Agra to Bareilly
https://www.redbus.in/bus-tickets/allahabad-to-lucknow,Allahabad to Lucknow
https://www.redbus.in/bus-tickets/sitapur-to-delhi,Sitapur (Uttar Pradesh) to Delhi
https://www.redbus.in/bus-tickets/delhi-to-farrukhabad-up,Delhi to Farrukhabad (Uttar Pradesh)
https://www.redbus.in/bus-tickets/moradabad-to-delhi,Moradabad to Delhi
https://www.redbus.in/bus-tickets/delhi-to-haridwar,Delhi to Haridwar
https://www.redbus.in/bus-tickets/delhi-to-sitapur,Delhi to Sitapur (Uttar Pradesh)
https://www.redbus.in/bus-tickets/bareilly-to-agra,Bareilly to Agra
https://www.redbus.in/bus-tickets/agra-to-lucknow,Agra to Lucknow
https://www.redbus.in/bus-tickets/kanpur-to-jhansi,Kanpur (Uttar Pradesh) to Jhansi
https://www.redbus.in/bus-tickets/lucknow-to-agra,Lucknow to Agra
https://www.redbus.in/bus-tickets/varanasi-to-lucknow,Varanasi to Lucknow
https://www.redbus.in/bus-tickets/bareilly-to-haridwar,Bareilly to Haridwar
https://www.redbus.in/bus-tickets/delhi-to-agra,Delhi to Agra
https://www.redbus.in/bus-tickets/delhi-to-shahjahanpur,Delhi to Shahjahanpur (Uttar Pradesh)
https://www.redbus.in/bus-tickets/agra-to-delhi,Agra to Delhi
https://www.redbus.in/bus-tickets/lucknow-to-ballia,Lucknow to Ballia
https://www.redbus.in/bus-tickets/bareilly-to-dehradun,Bareilly to Dehradun
https://www.redbus.in/bus-tickets/allahabad-to-azamgarh,Allahabad to Azamgarh
https://www.redbus.in/bus-tickets/kanpur-to-bareilly,Kanpur (Uttar Pradesh) to Bareilly
https://www.redbus.in/bus-tickets/lucknow-to-ayodhya,Lucknow to Ayodhya
https://www.redbus.in/bus-tickets/aligarh-to-lucknow,Aligarh (uttar pradesh) to Lucknow
https://www.redbus.in/bus-tickets/aligarh-to-agra,Aligarh (uttar pradesh) to Agra
https://www.redbus.in/bus-tickets/lucknow-to-haridwar,Lucknow to Haridwar
https://www.redbus.in/bus-tickets/lucknow-to-kanpur,Lucknow to Kanpur (Uttar Pradesh)
https://www.redbus.in/bus-tickets/lucknow-to-aligarh,Lucknow to Aligarh (uttar pradesh)
https://www.redbus.in/bus-tickets/delhi-to-etah-up,Delhi to Etah (Uttar Pradesh)
https://www.redbus.in/bus-tickets/delhi-to-kotdwar,Delhi to Kotdwar (Uttarakhand)
https://www.redbus.in/bus-tickets/allahabad-to-varanasi,Allahabad to Varanasi
https://www.redbus.in/bus-tickets/delhi-to-moradabad,Delhi to Moradabad
https://www.redbus.in/bus-tickets/varanasi-to-allahabad,Varanasi to Allahabad
https://www.redbus.in/bus-tickets/lucknow-to-jaunpur,Lucknow to Jaunpur
https://www.redbus.in/bus-tickets/aligarh-to-haridwar,Aligarh (uttar pradesh) to Haridwar
https://www.redbus.in/bus-tickets/shahjahanpur-to-delhi,Shahjahanpur (Uttar Pradesh) to Delhi
https://www.redbus.in/bus-tickets/lucknow-to-azamgarh,Lucknow to Azamgarh
https://www.redbus.in/bus-tickets/jaunpur-to-lucknow,Jaunpur to Lucknow
https://www.redbus.in/bus-tickets/kanpur-to-lucknow,Kanpur (Uttar Pradesh) to Lucknow
https://www.redbus.in/bus-tickets/agra-to-haridwar,Agra to Haridwar
https://www.redbus.in/bus-tickets/lucknow-to-gorakhpur,Lucknow to Gorakhpur (uttar pradesh)
https://www.redbus.in/bus-tickets/delhi-to-haldwani,Delhi to Haldwani
